{"cameraMode":{"drawMode":0,"name":"Shaded","section":"Shading Mode"},"sceneLighting":true,"audioPlay":false,"sceneViewState":{"showFog":true,"showMaterialUpdate":false,"showSkybox":true,"showFlares":true,"showImageEffects":true,"showParticleSystems":true},"in2DMode":false,"pivot":{"x":1.2057926654815674,"y":1.932239055633545,"z":-0.011752881109714508},"rotation":{"x":0.0961637943983078,"y":0.7097221612930298,"z":-0.09879522770643234,"w":0.690859317779541},"size":7.0817341804504398,"orthographic":false}