{"cameraMode":{"drawMode":0,"name":"Shaded","section":"Shading Mode"},"sceneLighting":true,"audioPlay":false,"sceneViewState":{"showFog":true,"showMaterialUpdate":false,"showSkybox":true,"showFlares":true,"showImageEffects":true,"showParticleSystems":true},"in2DMode":false,"pivot":{"x":1.2057926654815674,"y":1.932239055633545,"z":-0.011752881109714508},"rotation":{"x":0.11050587892532349,"y":0.7748076319694519,"z":-0.14124195277690888,"w":0.6062279939651489},"size":10.359549522399903,"orthographic":false}